-0.3654462,-0.5338089,-0.6617859,-0.8809035,-1.1463256,-1.2484668,-1.2612214,-1.2999194,-1.4003156,-1.2703487,-0.7726467,-0.71561927,0.7531972,0.6051542,0.7090043,0.7713929,1.0124952,1.0355109,0.96468425,1.0121903,1.0241934,1.0771852,-0.15453494,-0.8595632,-0.671441,-0.48200858,-0.29896718,0.04763199
-0.54939663,-0.7214907,-0.9088464,-1.3586152,-1.8829615,-2.2389812,-2.5087059,-2.3255553,-2.9317396,0.10990983,0.13907745,0.133154,0.23270579,0.19920783,0.3468016,0.30754995,0.68564266,0.31216505,0.13056429,0.43529215,0.45113075,0.55827993,0.5775286,-1.5082741,-1.0534319,-0.70304143,-0.56594247,-0.33549505
-0.7349777,-0.96888775,-1.6148939,-2.4986775,-2.972069,-2.651638,0.088951625,0.080270156,0.13647957,0.17489111,0.3576281,0.29049745,0.54537857,0.56754476,0.40636933,0.7108961,0.3067116,0.5035679,0.63667506,0.31746155,0.28646702,0.4242485,-0.0653769,-3.8332446,-1.6863918,-1.0808719,-0.854392,-0.65748626
-0.4830144,-0.33863565,-0.34328556,-0.06796242,0.41143578,0.10954574,0.61567867,0.4065376,0.2229235,0.5073154,0.60058564,0.53836036,0.76710165,0.6214012,0.42495227,0.46136305,0.6167705,0.60162765,0.4831064,0.13349883,0.6528975,0.69908446,0.025664434,-1.1842852,-2.296341,-1.4664774,-1.0455197,-0.9633918
1.0107234,0.7194191,0.52993596,0.08519302,0.27071333,0.5633403,0.570286,0.7988787,0.22212094,0.50242364,0.42156133,0.82455474,0.96863276,0.86518073,0.5224148,0.67041534,0.979963,0.51468855,0.7795545,0.77463794,0.28212267,0.4826983,0.45908418,0.5993048,-2.9217227,-1.6291236,-1.0815462,-0.9439096
1.0316907,0.73972297,0.46056235,0.04579494,0.55644554,0.28250673,0.6425164,0.4457086,0.25428098,0.8601821,0.553046,0.7099087,0.97621685,0.942236,0.781162,0.9583256,0.93341714,0.8215205,0.7816347,0.71220046,0.80706024,0.47313502,0.5484654,0.35056654,-2.6707659,-1.631165,-1.1498786,-0.81515104
1.1076207,0.687166,0.41665953,0.15844297,0.2190586,0.63006127,0.92522925,0.56854856,0.59104353,0.97679985,0.6446917,1.0334973,0.7527107,1.1760372,1.1178727,1.11183,0.47161978,0.8108445,0.8526421,0.6989597,0.6876885,0.6347764,0.7678547,0.16969013,0.1858736,-1.7163798,-1.2371211,-0.79550695
1.0936066,0.616597,0.49451205,0.37646857,0.5377474,0.7468924,0.57640076,0.6784941,0.94556165,1.0191512,1.0435838,1.2575369,0.6326392,0.607537,0.6944756,0.7195669,0.52816767,1.0021067,1.1071285,1.0831093,0.7989817,0.92067266,0.6292001,0.36566266,0.7026554,-2.2275324,-1.2626612,-0.76899743
1.0892864,0.56018,0.25350028,0.35080078,0.342144,0.995489,1.1561816,0.805863,1.0393443,0.5781642,1.0203761,0.5737041,0.12303145,0.13611758,-0.08380849,-0.26725402,0.040711075,0.5070116,1.2957574,1.0552821,1.2862414,0.8237048,1.0504469,0.39030775,0.92066956,-0.38889205,-1.3142418,-0.73961294
1.0437433,0.5061991,0.62515664,0.87939894,0.7904669,1.3039268,1.2926475,0.8365234,0.7933802,0.6006574,0.48073128,0.2536576,-0.06782039,-0.2247571,-0.39471546,-0.73518133,0.057906684,0.12733406,1.0929726,0.4687873,0.735298,0.8676978,1.1358062,1.0139871,0.8008427,0.40424234,-1.2225014,-0.69602984
1.0666945,0.48734605,0.7129659,0.64374864,0.9301112,1.2317296,1.3110664,0.8710933,0.60952824,-0.08311341,0.37581384,0.4581831,-0.13005653,-0.18843415,-0.0112086525,-0.28230575,-0.026530972,-0.18783234,0.31552374,0.4278181,0.39341298,1.023555,1.3934139,0.93838155,0.5631434,0.8777252,-1.5816026,-0.6797736
0.9721464,0.5200328,0.25126448,0.59357285,0.71650964,1.6165168,0.8231762,-0.017270608,0.72244596,-0.7266114,0.39086333,0.6538353,0.19733557,-0.21129028,-0.45220178,-0.3338149,-1.0857918,-0.41768214,0.8831318,0.7462976,-0.21243766,0.7506793,0.83515435,1.1603764,0.97786766,0.97260725,-0.15617257,-0.53238326
0.8731326,0.5321454,0.66891944,0.82032144,1.301984,0.9892701,0.54040104,0.022281243,0.42437294,-0.4440892,-0.5734364,0.4717587,-0.08014878,-0.42578945,-0.67385525,-0.10066516,-0.42900503,-0.030693742,0.47121745,0.39737263,-0.35211697,0.44581738,0.2760618,0.77628654,1.0658929,1.2040796,0.5115605,-0.5015539
0.7643568,0.9026164,0.6300627,1.08239,1.0567161,0.451043,-0.13590968,0.16469917,-0.33342177,0.5773311,-0.62839025,0.40191266,-0.80400664,-0.623781,-0.022193355,-0.22935025,0.35811687,0.255514,0.4843417,0.5393628,-0.057835635,-0.20066272,0.40730548,0.057613876,0.59790134,0.847942,0.68764555,0.069033906
0.910416,0.6021968,0.96412283,0.99269783,0.99669796,0.75950027,-0.020656036,0.5037928,-0.4786271,0.3600774,-0.7523856,0.2041872,-0.37252077,-0.44466203,0.27809086,0.103012756,0.7118447,0.33972642,0.1593029,0.90355414,0.07606127,0.2886255,0.31296676,-0.4272325,0.8074842,0.62982094,0.6366837,3.6013527
1.0101885,0.5479807,0.93202835,1.0751736,0.5784753,-0.24069096,0.54693305,0.43105006,-0.7858581,0.12140597,-0.38750035,-0.09074212,0.105934665,-0.44405738,-0.22152744,0.630353,0.40932465,0.33059254,0.18174219,1.0696371,0.6137679,0.35703272,0.84161943,-0.4292891,0.5307052,0.668074,0.7331615,2.5855358
-0.5299695,0.5088987,0.5657978,1.055331,0.34050202,0.89691937,1.3590987,-0.015894907,-0.18217795,0.3166885,-0.26675692,-0.6549993,0.26133016,-0.8898354,-0.020141304,0.5651095,0.019286573,-0.054332495,0.10448592,1.1685299,-0.24998412,0.20157176,0.78784484,-0.59773314,0.08815187,-0.391478,0.8033871,2.2618496
-0.67608637,0.76491666,1.1654274,0.82446927,0.7659918,0.34406993,0.22108983,0.21902779,0.35283953,0.71553606,-0.41421416,0.115973696,0.516472,0.16597354,-0.26474112,0.039652497,-0.095432326,-0.3345491,0.58450687,0.23692323,0.0041219373,0.44387108,1.0035934,0.040679757,0.18095009,0.39730442,0.9731175,2.3456156
-1.1940728,0.31188816,0.87870526,0.9770222,-0.22296007,-0.17786358,-0.39083818,0.9119707,0.91973335,-0.5273056,-0.883487,-0.23833416,0.08855052,-0.006580492,0.06728369,0.09703454,-0.013886681,0.39023077,0.30948943,-0.17968701,-0.3198658,0.21143706,0.28948167,-0.32180494,-0.050981343,0.28626955,1.1129673,2.2034035
-1.046294,-0.40546295,0.60804915,1.2788091,0.93341315,0.4252476,1.067003,0.61734146,0.59019333,-0.16095096,0.12265255,0.8364065,0.018955255,0.51232755,0.23619266,0.33568692,0.17668891,-0.11627014,0.37004966,-0.35119873,-0.15902996,0.89195454,-0.31159833,0.16535284,-0.26960853,0.20123945,1.0215639,1.964518
-0.8212976,-1.4979961,0.95972675,1.3544726,1.0031255,0.6336822,0.09455108,0.49223632,1.278481,0.76830757,0.7609921,0.014784019,-0.066556275,0.09417069,0.19082871,0.49086758,0.5518193,-0.22811511,0.9063329,-0.012580055,0.0034013116,0.8084963,-0.12983048,0.13759288,-0.40982276,0.12328385,0.9421113,1.6729236
-1.085749,-1.4929081,-0.39239767,1.133444,0.74162203,0.6868583,0.42082182,1.2092605,0.65835875,0.76282823,0.38039106,-0.36871922,0.5476137,0.26226005,0.0014939846,-0.041969337,0.0062154015,0.19575115,0.08751663,0.19314785,0.18591352,0.607471,0.36871555,0.2191979,0.023255987,0.52588433,1.1093887,1.5450985
-1.0917883,-1.23776,0.02507153,1.2916282,0.89880365,0.8765866,0.4653292,0.2844366,0.66964495,0.31998375,0.18313515,0.6934844,0.5007608,0.2042445,0.7083935,0.48141417,0.10468126,0.22281596,0.44554996,0.4391599,0.1406972,0.21770592,0.38373372,0.51111186,0.0004933035,0.1276765,0.9642925,1.5139441
-0.9727969,-0.9709019,-2.0670538,0.8013076,1.3739506,0.8072942,1.0428004,1.5659039,0.71120125,0.65904015,1.1992568,0.90372986,0.08337921,0.5497127,0.24927151,0.46768317,0.27666217,0.49555355,0.5328376,0.46262255,-0.08986513,0.32807672,0.2343782,0.65492165,0.7848196,0.8229659,0.9782186,-0.17439921
-0.5170997,-0.925883,-1.3389105,-0.23922873,1.106124,1.0851094,0.5458553,0.42049286,0.10431258,0.9502519,0.49438822,-0.60048336,0.6527017,0.27669775,0.30970994,0.4356736,0.8442884,0.73226154,0.31042758,0.13602439,0.22731645,0.36141208,0.3331034,-0.6472928,-0.6902186,-0.6293681,-0.6661776,-0.38196898
-0.5624319,-0.68882143,-0.81065565,-0.5970659,1.2432348,1.3061,1.6770793,0.86483157,0.21796778,0.047867134,0.64680713,1.2465749,0.6877285,-0.05997343,0.15811661,0.75269085,0.5004706,0.36353502,1.0592403,0.68619347,-0.07377577,-0.53622705,-0.64591414,-0.7041596,-0.7317581,-0.90618765,-0.6017728,-0.23221375
-0.38068923,-0.4947494,-0.68974626,-0.9576368,0.9313948,1.3490939,1.027181,1.3949829,1.4040935,1.2099701,0.72286075,0.8596396,0.2272842,0.27803162,1.0114418,0.6417409,0.4282561,0.1592977,-0.7373633,-0.7874236,-0.8300197,-0.79259306,-0.870157,-0.8840051,-0.5258356,-0.51318717,-0.3560964,-0.22684756
-0.07343936,-0.13245381,-0.55032104,-0.7076052,0.4511417,1.6127222,1.6387731,1.5309848,1.2805029,1.1399469,1.6492332,2.2190368,2.1306555,2.4884214,0.14516152,-0.52355003,-0.5164651,-0.6960065,-0.5833802,-0.63860935,-0.54561055,-0.58832127,-0.58441836,-0.37509578,-0.54125464,-0.42442602,-0.0034570913,-0.007604581
