-0.38925505,-0.28497913,0.6892881,0.7217613,0.71675044,0.67963094,0.73924875,0.7061261,0.7056522,0.6627509,0.60167336,0.19700931,-0.13925278,-0.20265216,-0.16784483,-0.22076435,-0.8927342,-1.2899214,-1.1554177,-1.1420277,-1.1328118,-1.0428299,-1.068544,-1.053295,-1.057435,-0.9860027,-0.69538254,-0.40446538
-0.5378265,0.98337257,0.6022951,0.6061207,0.56534463,0.54284126,0.5255299,0.503078,0.291013,0.09468515,0.12745805,0.092067264,-0.0443944,-0.15022333,-0.05104748,-0.15223241,-0.30482996,-0.3491513,0.012275482,-0.6833741,-1.5379076,-1.4130161,-1.385204,-1.2890058,-1.314273,-1.226383,-0.86838573,-0.5592836
-0.69596815,0.8341806,0.4994031,0.49505034,0.40889,0.33282027,0.4679884,0.10317264,0.033546403,0.017199682,-0.052912075,0.12233667,0.11307897,0.16564673,0.10130456,-0.0725904,-0.22106414,0.005684665,-0.3503121,-0.5492174,-0.18919288,-0.008504445,-0.7431591,-1.5523463,-1.5464572,-1.5026652,-1.187024,-0.71507686
-0.78964907,0.42976007,0.38108093,0.39281392,0.29929593,0.09789676,-0.041416574,-0.005571628,0.1982862,0.24946678,0.17920268,0.32214397,0.38693818,0.3151609,0.21749143,0.13100947,0.057717085,-0.10729467,-0.066818066,-0.27784023,-0.52426386,-0.79444975,-0.2880228,-0.15747991,0.018180983,-0.61425054,-1.5840539,-0.6296306
-0.89227873,0.36095622,0.30189404,0.10729064,0.06348489,0.099711075,0.106666535,0.14854167,0.2425588,0.24847057,-0.003943908,0.300031,0.42059246,0.22291268,0.091451,-0.04042849,-0.15342024,-0.13412829,-0.04750709,-0.2790997,-0.67231804,-0.70289326,-0.77629954,-0.90055394,-0.39514437,-0.23609711,-0.17120762,0.81011957
-1.0062193,0.105376795,0.012354818,0.06819082,0.025433937,0.2558267,0.09774653,0.33335215,0.19854029,0.24218696,0.3015244,0.16032106,0.21577254,0.16175845,0.19278863,0.12854749,-0.008568097,-0.35512936,-0.50926244,-0.32465982,-0.6542338,-0.6259895,-0.63867545,-0.8440513,-1.1114607,-0.71560085,-0.38480735,0.6265728
-1.2594838,0.109054364,0.13390183,0.16131867,0.16167636,0.09368101,0.18597496,0.11341286,0.1664761,0.10266887,0.1063718,0.19787925,0.27277,0.18580407,0.29310378,-0.005135259,-0.15853362,-0.1906731,-0.4899452,-0.49241424,-0.57708895,-0.6411551,-0.5406474,-0.8936666,-1.004368,-0.9531657,-0.88054675,0.36060855
-1.538329,0.11442124,0.1364618,0.26860228,0.19476135,0.21647972,0.13466436,0.18077566,0.04429212,-0.020529235,-0.21142814,0.100039944,0.027921254,0.08023468,0.1878485,0.03661784,-0.28499112,-0.57608044,-0.54033154,-0.5125648,-0.657746,-0.5648139,-0.75474304,-0.75869834,-0.725607,-0.93663055,-0.6596475,0.28108323
0.06941942,0.16099502,0.20818359,0.14784357,0.18585539,0.19016656,0.0054192273,0.10811723,-0.039818473,-0.085880965,-0.06240246,-0.07360506,0.086676374,-0.20796207,-0.21037795,-0.17785965,-0.44629115,-0.6589678,-0.67962086,-0.6701671,-0.3577011,-0.76199555,-0.71064407,-1.1219049,-1.0281962,-0.94313616,-1.018914,-0.7275892
0.16714571,0.2919921,0.2503123,0.17874429,0.12847686,0.23913874,0.22502594,0.024187258,-0.022860743,-0.23364316,-0.19474964,-0.19779055,-0.15901403,-0.67862207,-0.06785332,-0.3390365,-0.37007302,-0.515361,-0.8734234,-0.80628914,-0.4047486,-0.8156452,-0.84087634,-1.0548853,-0.8520299,-0.7163665,-1.0934075,-0.88188374
0.2504987,0.17527956,0.20608401,0.2137062,0.11764203,0.097302064,0.16408677,0.1140343,-0.047805842,-0.28897902,-0.19769882,-0.20190895,-0.032700267,-0.41299438,0.030791732,-0.060806587,-0.23031986,-0.37249306,-0.46138376,-0.54886496,-0.5966106,-0.83754957,-0.7318436,-1.0072861,-0.97539896,-1.2156501,-1.1071539,-0.8336887
0.23336847,0.3048687,0.27865335,0.27852458,0.20475681,0.18990193,0.13006453,0.17287132,-0.049810436,-0.27403986,-0.4276814,-0.30124414,-0.27434486,-0.13861887,-0.05963138,-0.040122136,-0.17137177,-0.24855618,-0.23313226,-0.2553929,-0.3333683,-0.72853446,-0.9573862,-1.0273036,-0.9421711,-1.1284063,-1.0052941,-0.8604949
0.29999906,0.25799957,0.3015128,0.3455679,0.267895,0.21446285,0.052237302,-0.09143725,-0.066599384,-0.3601147,-0.32405102,-0.594765,-0.08031642,-0.3091954,-0.0978509,-0.16420184,-0.28847486,-0.03899199,0.012519755,0.05541882,-0.35865048,-0.2565325,-0.75956374,-1.0324448,-0.84220344,-0.83942986,-0.953212,-0.90788275
0.34723458,0.29531345,0.22540753,0.21240625,0.23787597,0.055589993,0.006836458,-0.20260881,-0.3982902,-0.43679312,-0.47894308,-0.37029412,-0.47278816,-0.2808094,-0.3093311,-0.2688115,-0.1313389,0.11145472,0.27442396,0.4431357,0.3126699,-0.13980739,-0.38224378,-0.8342114,-0.74810976,-0.91234154,-0.9104005,-0.78540474
0.27077025,0.26415858,0.27754378,0.17247012,0.20213918,-0.009012324,-0.2638088,-0.22664537,-0.48536277,-0.38556457,-0.42410496,-0.742921,-0.65267515,-0.69692266,-0.607163,-0.18737064,-0.039161775,-0.07461649,0.30774727,0.5786386,0.5393624,0.06567894,0.1429189,-0.34147412,-0.7191576,-0.7369913,-0.9550341,-0.8552412
0.35410112,0.284102,0.17908962,0.06873293,-0.049573906,-0.105333105,-0.34790555,-0.5643778,-0.38166115,-0.27158585,-0.33853605,-0.52315784,-0.4297681,-0.70726097,-0.8425488,-0.41453436,0.0027050807,-0.18969594,0.34772637,0.3201933,0.010815917,-0.14846665,-0.10803255,0.03579232,-0.33826083,-0.53464997,-0.91322494,-0.7669628
0.26036084,0.31481826,0.13951007,-0.014788655,-0.010252059,-0.13594228,-0.3748511,-0.49941045,-0.27521202,-0.34577617,-0.49451387,-0.55753845,-0.35415098,-0.6617303,-0.53239733,0.04243832,-0.081731424,0.109297074,1.1694607,0.49212795,0.18541473,0.20504306,-0.24944803,-0.2763803,-0.40755498,-0.21570039,-0.5560351,-0.6692071
0.30959186,0.19175072,0.016286384,-0.037336316,-0.17815961,-0.20957102,-0.3384074,-0.27579114,-0.2811922,-0.43260363,-0.47776252,-0.50195533,-0.50963813,-0.5256972,-0.65984404,0.27753535,-0.57535076,0.61396515,0.92625415,0.3382399,0.68132854,0.35518256,0.36330503,0.19683284,-0.24634187,-0.44887328,-0.40668666,-0.81884193
0.09463785,0.13498016,-0.01659564,-0.04008878,-0.14518803,-0.15760995,-0.38235107,-0.30640814,-0.34446368,-0.176782,-0.37202078,-0.6466032,-0.6157504,-0.10318875,-0.770871,-0.16985516,-0.49317545,0.5951453,-0.00012793389,0.31770954,0.22845538,-0.0063609746,-0.040707007,0.036427822,-0.097166836,-0.2458395,-0.26117927,-0.51719946
0.051870048,-0.011080727,-0.051221013,-0.060440794,-0.17604853,-0.3351805,-0.24745095,-0.18308605,-0.32464665,-0.3680922,-0.41159803,-0.3581619,-0.73504263,-0.47824183,-0.7492987,-0.4562128,-0.4164106,-0.40475866,-0.32668734,0.21113655,-0.48957703,-0.1338711,-0.15584405,-0.0064456332,-0.18427832,-0.094180144,-0.101883054,-0.32866976
0.44652107,-0.106947035,-0.18891557,-0.30795813,-0.25051424,-0.35578203,-0.3517804,-0.29525477,-0.45243293,-0.61572886,-0.48237202,-0.66520345,-1.095967,-0.5013677,-1.2678276,-0.8327293,-0.83470154,-0.8548086,-0.4813765,-0.4103986,-0.6130214,-0.19854012,-0.21350503,-0.23379844,-0.16795002,-0.20885547,-0.29169318,-1.5854974
0.5739808,-0.19492552,-0.43330944,-0.38734546,-0.31961638,-0.40185857,-0.51818615,-0.47689453,-0.6300051,-0.7115415,-0.8211718,-0.5410028,-0.88957286,-0.7852435,-1.1090162,-0.6988071,-1.0071315,-1.0560436,-0.8288207,-0.46247438,-0.9043804,-0.48825625,-0.56977654,-0.40887916,-0.42357713,-0.23309544,-0.50716335,-1.4001298
0.7943315,-0.00054571894,-0.22834222,-0.51727885,-0.5021012,-0.59775376,-0.61296797,-0.6346675,-0.7237253,-0.8939733,-0.854236,-1.0134945,-0.79237694,-0.97591186,-1.0277348,-0.819844,-1.2663271,-1.2274697,-1.0149765,-1.0054871,-0.78821576,-0.7049179,-0.7305874,-0.757372,-0.2942727,-0.44784206,-0.30176148,-0.966521
0.95073843,0.20617342,0.09260984,-0.13751344,-0.5940066,-0.63217336,-0.69276416,-0.7667265,-0.8352125,-0.8831595,-0.8426089,-1.1510441,-0.746576,-1.181301,-1.1386355,-0.7495039,-1.1851447,-1.0878308,-1.0716498,-1.1928297,-0.9513451,-0.7592402,-0.7774594,-0.63871753,-0.30919406,-0.08183917,-0.022267718,-0.7780956
-0.6823755,-1.5774295,-0.51111907,0.15193275,0.03964472,-0.13575435,-0.8756153,-0.8834464,-0.9761356,-1.1743464,-0.974023,-1.0046655,-1.1097672,-1.1924691,-1.2110641,-0.9208078,-1.0847648,-1.2251672,-1.1880844,-1.0090486,-0.74563754,-0.81125677,-0.33838233,-0.08773244,0.094297625,0.12721595,0.044675864,-0.7152413
-0.60767317,-1.1786357,-1.4679183,-1.6596239,-1.7169749,-0.74685454,0.052221645,-0.28395632,-1.0960083,-1.182528,-1.0559684,-1.2213987,-1.079361,-1.2275958,-1.2105589,-1.0939398,-1.2673169,-0.8776434,-1.0268483,-0.9537419,-0.30179065,0.013039294,0.053137515,0.14242655,0.25058982,0.23554243,0.5969385,-0.62891454
-0.47396848,-0.82562476,-1.182806,-1.2209735,-1.2327698,-1.3695409,-1.4581991,-1.6373262,-0.8072098,-0.36569744,-1.0577635,-1.0583735,-1.036786,-1.0950001,-1.0329946,-1.2442145,-1.1077844,-0.96303,-0.39224985,0.089512505,0.1779343,0.24135676,0.29173276,0.37529236,0.39391074,0.32788303,0.88752174,-0.52736056
-0.36746994,-0.6472693,-1.0257361,-1.0690053,-1.0811368,-1.1264678,-1.087067,-1.1921844,-1.1481258,-1.1579998,-1.3025523,-1.3681483,-0.8414424,-0.855472,-0.80190456,-0.8517371,-0.4000958,0.3327274,0.43636465,0.47002998,0.4958434,0.46488556,0.42118517,0.47964326,0.4444937,0.2979545,-0.3710288,-0.28430048
