0.1280859,1.8215008,1.527195,1.6834848,1.1267933,1.2664009,1.4352136,1.0107609,0.7950521,1.0989001,0.6929962,0.6907557,1.0745237,0.4238974,0.73440075,0.8915283,0.22416346,-0.8229465,0.5783033,0.42512664,-0.21782005,-1.2834424,-0.74425304,-0.47361496,-0.8618079,-0.25563377,-0.6768421,0.2082195
-0.2678701,1.2127259,1.1017287,1.0746812,0.9557417,0.78735125,0.5866711,0.8497065,0.45570466,0.5601347,0.7639006,0.4698028,0.782044,0.6042559,-0.58901477,0.38584387,0.6119377,0.5814926,0.0806228,-0.34786215,-0.005743279,-0.03747942,0.83637863,-0.52290237,0.5801428,0.79188514,1.3165959,0.25264025
-0.17749593,1.1133906,0.7319807,0.6034068,0.3957084,0.6542561,0.37410212,0.7035811,1.2298504,-0.33758238,0.5713031,-0.16131844,-0.5077461,0.07867499,0.6250598,-0.90188617,0.29660168,-0.016788257,0.39884338,0.56983936,-0.13196065,0.4929703,-0.17243122,-0.056458294,0.7914744,0.5129128,0.43020362,0.14154327
-0.49780136,0.5977496,1.1522162,0.80128455,0.46104947,0.6540358,0.6686305,-0.6390741,0.24141714,-0.026967824,-1.2731072,0.43063897,-1.062781,-0.50958973,0.32593977,-0.5704163,-1.0352967,-0.7225517,-0.79368854,-0.64105535,0.75844216,0.2712464,-1.1345443,0.33812365,0.014740521,-0.18930298,-0.15511061,0.5212347
-0.6984764,1.0099303,0.5853555,0.6225822,0.12529892,0.17046711,0.7445337,0.41476253,-0.1559663,0.51197207,0.113637865,-0.12847851,0.32593784,-1.1877702,-0.15316129,0.20479572,0.40283984,0.31276366,0.375314,0.82712847,-0.015305529,-1.0235722,0.24973138,-0.6395796,-0.43030813,-0.9786146,0.8405328,0.8546093
-0.34054995,0.44873372,0.89472324,0.11641776,-0.03177532,0.7670699,-0.45263666,-1.237298,0.72687835,0.41232926,-0.35908416,-0.83685744,0.5277108,0.39010692,0.6735284,0.22657,1.0733378,0.83649904,0.056827158,0.3979196,0.21337743,-0.3594134,0.36281887,0.5036006,0.43954396,0.22708987,0.3235767,0.7813806
0.16491,0.6007363,-0.1729273,0.26536703,0.20969811,-0.87608665,0.6076727,-0.8321694,-0.72502786,0.48666623,-0.2298349,-0.75021636,-0.02333796,-0.10751493,0.34142855,-0.072709225,-1.1052041,-0.72964156,-0.41010985,0.20499976,-0.58523023,0.005293874,0.28606367,-0.7384956,-0.010166658,-0.55743545,0.17134413,0.497705
-0.26762637,0.55937594,-0.71804446,0.43028054,-0.34505168,0.36887392,-0.75873584,0.36665067,-0.98328376,0.06877052,0.09450874,-1.0444113,-0.71350247,-0.99096715,-1.1069866,-0.02539147,-0.9631772,0.19083364,0.49879834,-0.94414794,-1.2699906,0.45081133,-0.8549092,0.5111519,-0.20212778,0.5094093,-1.2647935,1.1554434
0.2574337,-0.15569173,0.89930934,-0.7380392,0.30395806,0.26242366,-0.20534335,0.20266293,-0.033552215,-0.9091662,0.35986787,-0.6648656,-0.8209822,-1.0648031,-0.8360463,0.7424434,0.69124955,0.82328403,0.037086226,-0.6219254,0.5079435,-0.27956733,-0.44456995,0.64653176,0.6213786,-1.0658258,0.41823184,0.6581697
0.45221397,0.13884768,0.05173847,-0.40739855,0.23865932,-0.467275,0.38760847,-1.0775511,0.24911864,0.12576997,-0.38732472,0.55063426,-0.62563103,-0.3319171,0.54706424,0.39332128,0.76480937,0.45113534,-0.73437923,0.645035,0.5321036,0.12199595,-0.17647058,-0.82480514,0.5126411,-0.62796634,-1.0044719,0.21233478
0.2784269,-0.44109753,0.5055702,0.34356683,0.18412662,-0.6198472,-0.120447986,-0.94591296,0.11956661,-0.35808212,-0.99026495,-0.49324596,0.23863758,0.74915445,0.50882655,0.25835443,0.27016258,-1.0164773,-0.5153331,0.43732032,-0.8123615,0.12561883,-0.31676537,0.56574875,-0.6906523,0.6805974,-1.3036767,0.36908835
-1.0020982,0.42121932,0.2712381,-0.5553107,-0.62461585,0.29215845,-0.72992045,0.2721705,0.66636014,0.20048396,-0.16019477,-0.50652736,0.36022303,0.64437175,0.6415395,0.21419157,-0.9463203,-0.9741554,0.164763,0.63853633,-1.1707984,0.08692836,-0.04268046,-0.53012246,0.054493297,-0.5993006,0.5942903,-1.107568
-0.40561098,-0.8899486,-0.3577782,0.18352415,-0.97448444,-0.104436494,0.02744551,0.48728377,-0.054819804,-0.2065136,0.49151003,-1.1642525,-0.67739004,0.58110124,0.2922299,-0.7879245,-1.4543828,0.46413305,0.27017292,-0.6120649,0.13738021,-0.60431707,0.6935981,-0.48017502,0.35934514,-0.09054796,-1.4542141,0.5995252
0.07814895,0.3930562,-0.6734946,-0.5804631,0.41583407,-0.22822471,0.34195215,-0.88568884,0.10832673,-0.5119124,0.6345972,-0.33987114,0.06494394,-0.38586828,-0.26650575,-0.75470656,-0.62224966,0.3338902,-1.3681451,0.45408836,0.17082055,0.11988796,-0.4683674,-0.32442275,0.017674053,0.22653513,0.16671538,-0.10119118
-0.96026343,-0.6118465,0.46848786,0.14607713,-0.8194341,-0.02179864,-0.8075873,0.16165242,-0.5966305,-1.1317832,0.34746203,0.0059546875,0.61300325,-0.91043234,-1.0876333,-0.98424256,-0.043863684,-0.4652268,0.31049934,0.3531765,-0.64269924,0.2827776,0.08427622,0.36548576,0.18489942,0.28378296,0.47202307,-0.7340257
0.43614313,-0.7079818,-0.7274539,-0.03554559,0.7073128,-1.1115918,0.8117123,0.53724825,-0.8063364,0.14739983,-0.6074274,0.4710454,0.60688645,0.23113583,0.5738578,0.5018257,0.092749074,0.45217147,0.7983137,-1.1736938,0.5439373,0.80437255,0.34048605,-1.2908541,0.8696358,-0.675142,-1.2438056,0.14806783
0.1949452,0.06608734,0.9259059,-0.17383064,0.39840043,0.48948908,-0.298203,-0.7718077,-0.03304327,-0.05877167,-0.93698484,0.20891723,0.37938562,0.006737617,0.34678024,0.57973707,0.1601369,0.39037216,-0.009646188,-0.4893387,0.5778727,0.04784093,-0.9310345,0.3858625,-0.0074566333,-1.3384748,-0.22528848,0.29200044
-0.022686362,0.04062554,0.24763477,-0.5990508,-0.88381094,0.23242247,0.71024805,-0.06651696,0.21637475,-0.646505,0.3597326,0.4969119,0.11314283,-0.38371676,-0.7898946,-1.0385249,-0.71568817,-0.50526226,-0.49140325,0.07776151,-0.43952176,0.49583122,-0.318962,-0.7954904,-0.5204844,-0.22067232,0.22081526,0.38137883
0.6485218,0.37209505,0.43842262,0.6959693,-0.64411587,-1.2235795,-0.44578612,0.5420321,-0.38423714,0.4640207,0.6200839,-0.9155122,0.47138324,0.16455942,-0.022923442,-0.4548266,-1.0877188,-1.2577112,-0.37672135,-0.64783454,-0.52541935,0.22474703,-0.43328503,-0.6718289,-0.5123858,0.348841,0.61829376,0.13020222
-0.436755,-0.2029493,0.6307579,-0.039850026,0.25002682,-0.7910764,-1.2988411,0.16951306,0.77097136,-0.7043843,-1.1772828,0.050209064,-0.54154646,0.5308963,0.28738987,0.51224655,0.44126233,0.5359404,-0.28559256,-1.1661932,0.6744558,0.938267,-1.1822308,-0.8715484,0.60557216,0.39876473,0.6505901,0.16831888
0.28318438,-1.3169878,-0.56433207,0.3789342,0.11631705,-0.49790612,-0.79774094,0.34865052,0.27916107,0.3489505,0.91470796,-0.9246208,-0.51736826,-1.0097507,-0.5776355,0.43864977,0.17318779,0.55138206,0.6422301,-0.7257494,-0.5540973,0.48083532,-0.80645466,-1.0416498,-0.59376913,0.20512287,0.29143515,-0.8786793
0.76216596,-0.80395657,-0.75540537,-0.3925255,-0.62539995,-0.7793887,-0.46912688,0.054356072,0.31596604,-0.25857836,-0.6411309,-0.20537828,0.43479326,0.14996883,-0.795061,-1.4703572,-0.3296455,0.71676207,-0.61644804,0.6470583,-1.2569784,-0.3016907,0.3835643,-0.65823793,-1.4028016,-0.32028434,0.32357132,-1.3803179
0.9190478,-0.2743975,-0.91417146,-0.9248784,-0.29735664,-0.7161682,-0.039252087,0.4439812,-0.92295617,-0.5306911,-0.29280975,-0.15629925,0.63098985,0.085226856,0.21609305,-0.46648484,-1.2310637,0.65246063,0.30009028,-0.95711946,0.39683983,-0.6151941,-0.26169723,0.483702,0.85707325,-0.8308115,0.108633555,-0.35980642
0.4561839,0.018515991,-0.8418402,-0.21987318,0.79668105,0.10712446,0.57513094,-0.4665806,-1.562482,0.005166635,-0.41871172,0.46481216,-0.11258093,-1.037519,0.5883943,0.039122768,-0.73890316,-0.79478425,0.3670339,0.58205056,-1.2884316,-0.41637778,-0.015597257,-1.2490693,0.43510613,0.3678197,0.41248012,-1.5394983
0.3871401,-0.48507938,-0.7634124,0.15818028,-0.27306405,-0.3886359,-0.96521443,-1.108217,0.16888033,-0.64467895,-0.36707592,0.2495809,-0.362006,-1.1961414,-1.2110835,0.38014257,0.60393393,0.06915787,-1.2879151,-0.13676609,0.25053304,-0.44291478,-0.030165996,0.9403198,-1.230516,0.24229148,0.5967235,-0.68830925
0.58861834,-0.0024734556,0.15076846,0.13589592,0.013497601,-1.1130788,-0.92670226,-0.08706203,0.10767792,-0.90927356,0.77254236,-0.18720204,-0.86675835,-0.47284237,-0.4330446,-0.77333224,0.3357501,0.9509304,0.34603363,-0.8974083,-0.44582194,-0.29974648,0.55698615,-1.2955436,0.480391,-0.3357077,0.07072031,-0.34318924
1.0720419,1.1632557,0.95325255,-0.1613658,-0.27709913,0.49851862,-0.77504915,0.12146794,-0.95295185,0.37060425,-0.3814814,-0.8431685,0.10081713,0.39950767,0.32026273,0.15154758,-0.12454331,-0.80678934,-0.049291477,0.63365626,-0.97410524,0.27916408,-0.5312965,0.87017184,0.04609365,0.75265723,1.2937952,-1.1230478
-0.0048967283,-0.7569334,-1.0628945,-0.55670047,-0.9125231,-1.4734745,-0.2032885,-0.53833795,0.09747085,0.11188642,-1.3423233,-0.40710035,0.59110326,0.3382788,1.0096333,0.20625608,0.39638397,-0.9107504,-0.5437868,0.9108197,0.39554718,0.12092702,1.0749279,0.9759646,0.98412204,0.5396013,1.6775117,0.30381468
