-0.31998444,-0.47798285,-0.7104222,-0.92050034,-1.1353781,-1.2052954,-1.190474,-1.2102458,-0.89952993,-1.2504708,-0.7123999,-0.83008945,-0.8000615,-0.8920875,0.72479194,0.7141922,1.0112476,0.98147476,1.0358012,0.97523636,0.98074144,1.0059243,1.0753431,1.342905,1.5314002,-0.5277027,-0.386778,0.054014046
-0.26027685,-0.3135397,-0.24840987,-0.3860195,-0.45238104,-0.38426253,-0.055145547,-0.07051524,0.039413963,-0.68648076,-0.7209009,-0.6597637,-0.7422506,-0.8957577,-1.2810786,-0.8456788,-0.6277332,-0.14413737,0.35297015,0.4671925,0.53024125,0.6482795,0.6465022,0.8523289,1.1353362,-0.7991231,-0.52404946,-0.36798266
1.4820927,1.2002234,0.95791787,0.60593206,0.43316096,0.2749221,-0.1770771,-0.9030465,-1.3418252,-1.4881687,-1.8468891,-2.0012002,-1.8997605,-2.247555,-2.120738,-1.4523293,-1.4370207,-0.8974818,-0.1342861,0.5216066,0.26621515,0.2829877,0.29566652,0.4657815,0.7209888,-1.1572326,-0.84151137,-0.60163623
1.230475,0.87425596,0.53100324,0.4298488,-0.39595968,-0.6045171,-1.1404374,-1.8526859,-1.6238275,-1.8110031,-2.3346348,-1.722363,-2.044115,-2.184451,-1.9697659,-1.5682235,-1.177946,-1.1278185,-0.7267702,0.002249957,0.7282006,0.42754796,-0.077862486,0.34180722,0.43353367,-1.3447549,-1.1098317,-0.7773719
1.0282336,0.75925666,0.57630336,0.084064506,-0.8158324,-1.6420406,-1.5244726,-2.239889,-1.8088989,-2.4042823,-2.667102,-2.0636487,-1.8659484,-2.0544996,-2.4782224,-1.3956115,-1.8653808,-1.4085629,-1.5810397,-0.40756372,-0.0066753244,0.6549543,0.71886396,0.17053616,0.3604216,-1.1924019,-1.1679555,-0.8162991
1.0113764,0.7252031,0.35099843,-0.4744622,-1.6718051,-2.0947673,-1.6227494,-1.7809687,-1.940119,-1.857314,-2.1369479,-2.076123,-2.109836,-2.1554518,-1.9354967,-1.9002368,-2.0313861,-1.883596,-1.6858171,-1.233928,-0.6266056,0.2994684,0.7005028,0.49555844,0.23947917,0.2013908,-1.1438676,-0.87938535
1.0820012,0.7067405,0.14828052,-1.3821381,-1.7148902,-1.8944845,-1.5524551,-1.6660417,-1.7729894,-1.5043123,-1.6501015,-1.6576864,-1.6200757,-1.921497,-2.0421276,-2.0299542,-2.065827,-1.9166018,-2.0886495,-1.773629,-1.415296,-0.4979674,0.329747,0.6242468,0.3791865,0.5459818,-1.1561539,-0.832483
1.0537351,0.7007872,-0.57343334,-1.4294248,-1.4339998,-1.6405498,-1.2569637,-1.2474228,-1.5511615,-1.2857989,-1.5395257,-1.6830133,-1.7363117,-1.4695457,-1.8476565,-1.8754655,-1.257259,-1.9328867,-2.1896207,-1.9571327,-1.5496237,-1.1809924,-0.3918203,0.7521589,0.33371836,0.5624906,-1.0618596,-0.77208924
1.0554149,0.5674783,-1.1554067,-1.0203702,-1.6830922,-1.5516765,-1.1759241,-1.3940011,-1.5171684,-1.8314234,-1.4346894,-1.1179237,-1.5830977,-1.4826847,-1.5893558,-1.5962412,-1.1250844,-1.4275656,-1.7520921,-1.4140204,-1.9575697,-1.7316006,-1.4031925,0.078194216,0.59826803,0.50314975,-1.0974644,-0.7650729
1.0582874,0.034067992,-1.5812446,-1.6671886,-2.025644,-1.7485508,-1.394296,-1.635316,-1.5127114,-1.4413519,-1.2755991,-1.2516592,-1.2361553,-1.3569913,-1.6594855,-1.6580215,-1.9133283,-1.647709,-1.0273176,-1.3578849,-1.4629196,-1.8008418,-1.7043741,-0.006706493,0.70777184,0.2393761,-1.1325598,-0.7727012
1.0661424,-0.35489172,-0.9889834,-1.5186484,-1.7406546,-1.7650201,-1.1903654,-1.6489049,-1.3261373,-1.0330956,-1.2717695,-1.3074377,-1.161019,-1.3777177,-1.489859,-1.3534418,-1.3573661,-1.4441352,-1.3960512,-1.3178831,-1.0457612,-1.6001848,-1.6793014,-0.80028605,0.43611807,0.6789264,-0.30785823,-0.6762358
1.2095078,-0.011363813,-1.2760187,-1.7259233,-1.8989322,-1.2512025,-1.338575,-1.4538553,-0.9638539,-0.6675735,-1.0561951,-1.2501656,-0.8558356,-1.135697,-1.2207972,-0.8952085,-0.7386745,-1.0336249,-0.7835207,-1.2753714,-1.0077174,-1.1899554,-1.4676223,-1.0987873,-0.09624381,0.9660415,0.1525628,-0.5781047
1.1509812,-0.021574052,-1.4156075,-1.5951452,-1.2571203,-1.4389795,-1.3060558,-1.2793059,-1.0089399,-1.02807,-1.143851,-1.0100306,-0.8920865,-1.1163948,-0.99584126,-1.1638101,-1.205906,-0.94971955,-1.4393861,-1.0688424,-1.0427562,-0.93015516,-1.2793219,-1.0831819,-0.76523155,0.40819243,0.68981296,-0.46333826
0.92053825,-0.3223163,-1.4903752,-1.3058883,-1.162328,-1.2617313,-1.5156469,-1.2789314,-0.900491,-0.6409776,-0.968086,-0.786603,-1.1519232,-1.2507919,-1.60162,-1.0649419,-0.98737985,-1.3580743,-1.1703721,-1.1084616,-1.5541207,-0.7016932,-1.1669397,-1.185671,-0.95328856,0.38434628,0.78621584,-0.3560262
-0.34232447,-0.10774772,-0.6808186,-1.1240515,-1.2181342,-1.0949454,-1.1055108,-1.3816979,-0.9613762,-1.498405,-1.4115106,-1.021553,-1.1104532,-1.2657818,-1.53083,-1.5213395,-1.460679,-1.18594,-1.4443929,-1.3273721,-1.3333566,-1.4637896,-1.2499048,-1.3476657,-1.0784068,0.11946321,0.9606592,-0.33417657
-0.47741002,0.0996928,-1.1043373,-1.4280479,-1.4201661,-1.0408585,-1.2096419,-1.079056,-0.7402438,-1.0464987,-0.74984837,-0.5433982,-1.051269,-0.96330416,-1.022401,-1.0452487,-0.87726766,-0.70012265,-1.0212717,-1.1475601,-1.0011425,-1.176621,-1.1523185,-1.2944828,-1.5189457,-0.19913332,0.6691713,-0.23575093
-0.29372662,0.48457995,-0.6625165,-0.9784513,-0.9305976,-0.85959375,-1.0618638,-0.60444766,-0.86564904,-0.9803038,-0.40470016,-0.30749276,-1.2073611,-0.85326016,-1.064388,-1.087275,-0.60099256,-1.1630956,-0.9833607,-1.1125684,-0.9397349,-1.1132934,-1.153671,-1.4351541,-1.2428272,-0.2659626,1.0934324,0.3569707
-0.108719386,0.6296903,-0.34729013,-1.0781196,-0.6900589,-1.0024773,-0.86824125,-1.0053506,-1.184089,-1.2469857,-1.0573528,-1.1059492,-0.940542,-0.83251953,-1.1246029,-0.9708967,-1.1047518,-1.2528465,-1.2017711,-0.99840033,-1.1870373,-1.0451676,-1.4648569,-1.2572293,-1.4687444,-0.83649516,1.2886279,0.9851549
-0.8030157,0.84046894,-0.41963488,-0.83363026,-0.9429169,-0.8949608,-0.7009191,-0.34236342,-0.5096514,-0.6235713,-0.6614833,-0.91467196,-0.68733126,-0.9487041,-0.7951195,-1.068059,-1.1688359,-0.7838045,-1.0193201,-0.9743706,-1.3183993,-1.0745921,-1.2411073,-1.3369256,-1.5277297,-1.3277744,1.3965198,1.9405557
-0.8713554,0.40208408,0.14576137,-0.63031095,-0.6604359,-0.9170396,-0.90088487,-0.57366425,-1.2005563,-0.66997427,-0.590307,-1.1009868,-0.8519219,-0.7294599,-1.1698277,-0.94685364,-0.38618785,-0.86558276,-1.0379268,-1.048775,-1.0353576,-0.7872607,-0.8880491,-1.33079,-1.4817736,-0.7015078,1.343516,2.131675
-0.8937162,0.70203745,0.676643,-0.5169056,-0.72826743,-0.79479885,-0.7240294,-0.9115527,-0.84824485,-1.3403949,-0.9389478,-1.1047562,-0.98461753,-0.7198381,-0.6498805,-0.81908554,-0.49371585,-0.6740198,-1.0752548,-1.0565703,-1.0923518,-1.4549488,-0.76975775,-1.3186867,-1.4444313,-0.46067438,1.1498661,1.9338912
-1.0578626,0.35452142,1.0008426,0.082517244,-0.57237,-1.0419047,-0.97280514,-0.74295825,-0.63996387,-0.64501107,-1.0915637,-0.69723254,-1.0982665,-0.90585816,-0.8799857,-0.7103488,-1.1509256,-1.0713326,-0.4696345,-0.6114243,-1.036648,-0.9422975,-0.90932083,-1.410031,-1.5318897,0.0015247955,1.3204159,1.8462384
-0.9164858,0.15979643,1.0301822,0.4988464,-0.42073536,-0.7603048,-0.6004682,-0.2520792,-0.7284274,-0.8626218,-1.0844659,-0.58460444,-0.87156296,-1.128861,-1.026917,-0.8727105,-1.304482,-1.3505528,-1.3372632,-1.0940844,-0.91727555,-0.99579746,-1.1943922,-1.2494718,-1.2460921,0.2677918,1.485165,1.8246379
-0.83374625,-0.043392695,1.3382761,1.1116602,-0.1586697,-0.4811274,-0.48561206,-0.5854048,-0.54000217,-0.56995976,-0.7248344,-0.22608325,-0.36179373,-0.5059853,-0.06271393,-0.7106324,-0.50003636,-0.80449,-1.2939653,-0.768385,-1.0556666,-0.80283505,-0.97039974,-1.2816049,-0.7127652,0.38252372,1.4620346,1.9576185
-0.7459869,-0.26637074,1.2316198,1.2604908,0.73526675,-0.28889382,-0.32252273,-0.53391445,-0.63651067,-0.22442499,-0.42409244,-0.73459005,-0.79413235,-0.9653199,-0.5193757,-1.0478462,-0.41412476,-0.5569776,-0.84654415,-0.849866,-0.40431464,-0.7289368,-0.87174386,-0.8485316,-0.29914105,1.4000202,1.8831127,2.4387476
-0.50472134,-0.5770605,1.4992642,1.2853171,1.0895272,0.34575683,-0.51932234,-0.84532076,-0.57265663,-0.24947497,-0.087753356,-0.34118092,-0.5263695,-0.48158002,-0.5778485,-0.76572174,-1.0024127,-0.57252496,-0.83862144,-1.3222235,-0.6234379,-0.22397028,-0.37022677,-0.38112807,-0.05812269,0.5649352,0.0507087,-0.015956733
-0.3927472,-0.5963216,1.1314138,1.6047949,1.4942,1.0154442,0.450008,-0.039319593,-0.16886203,-0.06875884,-0.40482017,-0.28731522,-0.7172763,-0.71123636,-0.36286944,-0.41231543,-1.0521941,-0.64817095,-1.2559968,-0.9355234,-0.9651372,-0.93168265,-1.073774,-1.23837,-0.6148004,-0.2683651,-0.24437606,-0.21790868
-0.05821982,-0.3723088,1.4333166,2.010267,1.7290549,1.5671259,1.1858534,0.6896527,0.79295576,0.70877314,0.00013738424,-0.2791435,-0.55315185,-0.6254923,-0.035729926,-0.052899197,-0.429005,-0.6064738,-0.73304397,-0.74120575,-0.7685859,-0.7207667,-0.90610206,-0.6912326,-0.31089127,-0.16160046,-0.028629493,-0.041407965
