-0.41458935,-0.67632824,-1.0540181,-1.0456315,-1.0433381,-1.0293925,-1.0988474,-1.0293238,-1.0551546,-1.0897344,-1.1600081,-0.5655153,-0.30395788,-0.1939839,2.2376184e-05,0.027239865,0.40743247,0.6724759,0.73391634,0.7779842,0.8196734,0.8152628,0.8002847,0.8335448,0.8313188,0.82837737,1.2604392,-0.2876291
-0.51836735,-0.8574499,-1.2524775,-1.2925715,-1.3626733,-1.3714819,-1.3768351,-0.3018172,-0.12511374,-0.29515454,-0.534708,-0.40447292,-0.36523518,-0.24628028,-0.28727242,-0.19104482,0.06929051,0.10453122,0.3314225,0.49098402,0.53793526,0.6313228,0.6668682,0.66639733,0.67618847,0.6537717,1.0124958,-0.44851243
-0.71428907,-1.138486,-1.5061154,-0.4687169,-0.3205765,-0.33618176,-0.4458665,-0.6173407,-0.91406345,-0.716575,-0.64574325,-0.56132525,-0.42385224,-0.42176718,-0.5150802,-0.34810784,-0.1035087,-0.16519853,-0.031039584,-0.1061657,0.21315196,0.40724158,0.4335532,0.44127348,0.5664469,0.6279156,0.8025494,-0.5699263
0.5452302,-0.26667523,-0.52466315,-0.5690016,-0.7705012,-0.95945746,-1.2822642,-1.0670757,-0.9697993,-0.8343007,-0.76666987,-0.71546036,-0.5472782,-0.5411285,-0.6306527,-0.32936987,-0.24500003,-0.34084457,-0.068914905,-0.112708196,0.0061155288,-0.17683165,0.15612288,0.32407635,0.46797228,0.4522943,0.46539348,-0.7560663
0.25647923,-0.79756296,-0.9742815,-1.2007782,-1.6494654,-1.5278271,-1.2865504,-1.0242039,-1.0583163,-1.0632128,-0.843168,-0.6792931,-0.6868963,-0.6711514,-0.51308537,-0.58697253,-0.41475704,-0.27104953,-0.17173378,-0.095233664,-0.011686225,-0.229321,-0.118575305,-0.11679946,0.17396976,0.33160856,0.3364709,-0.88134044
0.042541075,-1.3543013,-1.9495208,-1.8612974,-1.623191,-1.457589,-1.2772007,-1.1113961,-1.0536113,-0.9610696,-0.7754533,-0.73411137,-0.8199154,-0.7151855,-0.5729777,-0.5082883,-0.5245962,-0.4401052,-0.298224,-0.0624389,-0.07565575,-0.27706864,-0.29085875,-0.16924952,-0.07433392,-0.027570799,0.1568935,-1.0438389
-0.17679007,-2.1210618,-1.9837891,-1.7827314,-1.5776024,-1.4502616,-1.2347206,-1.1189954,-1.0578153,-0.9145796,-0.94877183,-0.82216704,-0.8250971,-0.76500636,-0.59733355,-0.54265815,-0.48581815,-0.37279034,-0.36160576,-0.17562892,-0.02191717,-0.12721989,-0.305465,-0.10999269,-0.14143722,-0.01766526,-0.029745582,-1.2099725
-0.3155605,-2.050191,-1.8078125,-1.6536912,-1.5074664,-1.3832611,-1.1652062,-1.1241285,-0.9754822,-0.9565894,-0.92658967,-1.0221428,-0.9666348,-0.7566015,-0.6351116,-0.47437805,-0.58487284,-0.48021707,-0.28416893,-0.18860495,-0.11214501,-0.16306263,-0.2469284,-0.19896442,-0.16665645,-0.18796842,-0.18503374,-0.04270911
-1.6251726,-1.8651462,-1.7110224,-1.5210959,-1.3699521,-1.2801323,-1.191583,-1.1115816,-1.0282692,-0.8400275,-0.79212964,-0.9402085,-0.9430243,-0.65184814,-0.76223904,-0.5551754,-0.53915346,-0.38672742,-0.24347794,0.028967828,-0.19696066,-0.30559495,-0.37149984,-0.4159542,-0.21913801,-0.14821693,-0.328572,-0.21786875
-1.7899495,-1.6998076,-1.533309,-1.4530995,-1.3441643,-1.0873666,-1.1667747,-1.170793,-1.0282873,-0.8428883,-0.9987852,-0.8711865,-0.74324095,-0.7647398,-0.8259483,-0.6910503,-0.46563974,-0.565361,-0.18560965,-0.1602212,-0.15255864,-0.32499668,-0.35843763,-0.45059592,-0.25276425,-0.58765644,-0.43038777,-0.50205696
-1.6340358,-1.5615146,-1.5059735,-1.2844102,-1.1426613,-1.1063037,-1.2205493,-1.0260881,-1.1222183,-0.98815125,-1.1206954,-0.66256076,-0.64785045,-0.7255485,-0.7346896,-0.6692672,-0.33883938,-0.30130538,-0.20600513,-0.060299702,-0.11352529,-0.48110193,-0.5716866,-0.7293845,-0.6002273,-0.79030293,-0.53383934,-0.7025564
-1.5350926,-1.3644745,-1.2587991,-1.1776972,-1.1187686,-1.1323733,-1.1350317,-0.9803828,-0.87629104,-1.0325048,-1.164098,-0.7327427,-0.59266216,-0.91067314,-0.9188668,-0.65366465,-0.22053197,-0.405129,-0.048062764,-0.35455823,-0.46311826,-0.7917697,-0.8532603,-0.7962502,-0.5787291,-0.4633702,-0.51139385,-0.63392097
-1.4193276,-1.2648132,-1.1167252,-1.0891165,-1.1007433,-1.0347267,-1.0135983,-0.96946305,-1.0337402,-1.0329454,-0.856378,-0.7761308,-0.6724606,-0.8728166,-0.644843,-0.5390483,-0.31674394,-0.36146054,-0.10935053,-0.4644454,-0.69871616,-0.9307721,-0.694735,-0.81116724,-0.71996444,-0.7132013,-0.72010434,-0.7934923
-1.1565782,-1.1865717,-1.0440196,-0.9526442,-0.97294277,-0.94789255,-0.8326315,-0.97177964,-1.0219382,-0.880997,-0.8705664,-0.8268209,-0.7976249,-0.70773065,-0.17604859,-0.31881788,-0.3626324,-0.54184693,-0.47998807,-0.72259665,-0.80287933,-0.92806906,-0.9463412,-0.8602127,-0.7541975,-0.7048632,-0.7508266,-0.8483148
-1.0859984,-1.016236,-0.90347224,-0.85374135,-0.88891774,-0.7997414,-0.8361748,-0.8745706,-0.94493735,-0.8083989,-0.750231,-0.9130527,-0.8483729,-0.66965723,-0.22793904,-0.3731801,-0.827552,-0.69596815,-0.7716081,-0.8299234,-0.8827126,-1.2260551,-1.046353,-0.8203636,-0.9109411,-0.84197515,-0.9272107,-0.96942925
-0.936947,-0.92873657,-0.80912304,-0.6835427,-0.73293024,-0.8478736,-0.8263245,-0.7525525,-0.70166975,-0.7311618,-0.49785888,-0.698027,-0.8951746,-0.48816827,-0.2460121,-0.25571483,-0.74830586,-0.9383828,-0.9612619,-0.56612766,-0.9056179,-1.0202825,-0.7157245,-1.0601887,-1.0633087,-0.9487199,-1.0011606,-1.142249
-0.77674425,-0.7604256,-0.674285,-0.59299475,-0.6721635,-0.7712258,-0.7147644,-0.6709431,-0.53475475,-0.45669776,-0.49129665,-0.564785,-0.5960416,-0.66573054,-0.20092583,-0.38120767,-0.85645586,-0.96531546,-0.93528867,-0.753394,-0.7003045,-0.8782813,-0.8459145,-0.8730613,-0.9288571,-0.9444779,-1.0189928,-1.3315494
-0.70800513,-0.63507307,-0.5656751,-0.531053,-0.58257866,-0.54248345,-0.5084578,-0.53370935,-0.33623508,-0.3375811,-0.47717994,-0.36897007,-0.56112844,-0.46869045,-0.39640534,-0.5443182,-0.7461353,-0.92489356,-0.8324347,-0.78215605,-0.5419341,-1.0088233,-0.7886258,-0.8534993,-1.1212354,-1.0932709,-1.0574259,-1.4308099
-0.5409706,-0.5423299,-0.56852394,-0.5387359,-0.5101027,-0.47325724,-0.34719697,-0.2426022,-0.22270055,-0.22804677,-0.3757128,-0.6067639,-0.59616375,-0.25768673,-0.3576114,-0.73413986,-0.78777635,-0.862607,-0.86211824,-0.8703534,-0.7335725,-0.8457797,-0.8621157,-0.96029574,-0.9195284,-1.1096575,-1.2603037,-1.5874436
-0.35897517,-0.3965407,-0.40021944,-0.51704955,-0.45163468,-0.4164106,-0.22360006,-0.25662678,-0.068895705,-0.2329197,-0.2814289,-0.4713333,-0.45922667,-0.5329237,-0.39736155,-0.6506471,-0.6381898,-0.7399526,-0.7607128,-0.8079051,-0.79424495,-0.9119999,-0.76464146,-1.0251302,-0.9922108,-1.0486969,-1.3672104,-1.4919044
-0.07924253,-0.24142347,-0.3384351,-0.32078707,-0.2994258,-0.1391175,-0.12736495,-0.0424346,-0.07943314,-0.041224763,-0.21984956,-0.4021851,-0.5489405,-0.54878753,-0.5014476,-0.3808167,-0.5118084,-0.55813766,-0.6154991,-0.62882185,-0.87853664,-0.9883599,-0.7491455,-0.9917857,-1.1332525,-1.2134812,-1.5577376,-0.29314154
-1.1929525,-0.15682168,-0.1621474,-0.19960068,-0.12394084,0.08129034,0.030272242,0.120327346,0.027092427,0.0355141,-0.2712384,-0.18249989,-0.36626515,-0.466932,-0.44159636,-0.105051585,-0.30943963,-0.4377867,-0.49769178,-0.8467386,-0.82224107,-0.85111713,-0.9781606,-0.9892615,-1.0175208,-1.1876792,-1.8014055,-0.28408322
-0.99457055,0.09597554,-0.022524226,0.038155727,0.049412563,-0.0019811462,0.29737017,0.27323,0.14242032,-0.039900675,-0.14044683,-0.14113237,-0.32427403,-0.31941494,-0.24695556,-0.050205495,-0.36501256,-0.56523985,-0.6537592,-0.61794996,-0.6779091,-0.86719894,-0.89422804,-0.85977453,-1.0052948,-1.4228052,-1.2680961,0.005328022
-0.8701395,0.30997497,0.33560857,0.21149477,0.13080592,0.21159099,0.3736145,0.2203965,0.15403818,0.078875385,-0.066436216,-0.03170123,-0.19178857,-0.052943878,-0.2023242,-0.24900006,-0.47540298,-0.36496407,-0.54672515,-0.5567959,-0.60857344,-0.7180764,-0.7788861,-0.77116126,-0.6838524,-0.7045521,-0.69944054,0.26776278
-0.73537457,0.4896537,0.48038632,0.4416301,0.452934,0.35258257,0.34730506,0.3627398,0.29139027,-0.032922458,0.09597681,0.1309603,0.09886595,0.02744946,-0.1367794,-0.05252817,-0.15134393,-0.2524884,-0.31018767,-0.56866974,-0.6242083,-0.59903675,-0.26339322,-0.2292812,-0.27631336,-0.39458716,-0.23452896,0.6428646
-0.58426195,0.84085447,0.64514273,0.6037038,0.5840227,0.58746904,0.5005636,0.36934248,0.35082525,0.24751517,0.2765019,0.2537112,0.1970332,0.18630175,0.09770653,-0.02078833,-0.114036374,-0.3614155,-0.3904215,-0.5413212,-0.12968537,0.050225545,-0.0317126,-0.04580356,-0.24783501,-1.4322855,-1.2171588,-0.7123569
-0.44084606,1.0638014,0.7889507,0.7830221,0.7578302,0.77504224,0.76441556,0.6911052,0.63354445,0.42741108,0.44804466,0.35553068,0.40479314,0.24417265,0.22472006,-0.06713681,-0.112748444,-0.13158399,0.109239586,0.23281117,0.01770041,-1.3059357,-1.3269582,-1.3696122,-1.2817276,-1.2445664,-0.874433,-0.51330775
-0.28492817,1.316071,0.9240968,0.9365066,0.91261315,0.9673237,0.9772464,0.9981104,0.9369479,0.91986036,0.7816876,0.5328878,0.5385622,0.3864402,0.32840255,0.085589565,-0.32746494,-1.1645781,-1.12901,-1.107577,-1.0894665,-1.1486875,-1.0959418,-1.0736586,-1.0398716,-1.0449669,-0.60991055,-0.35555533
