-0.6092431,0.3847809,1.292881,0.8255849,0.23606709,-0.041435864,0.86133015,0.52308494,0.084150344,0.87083405,0.14013742,-0.13098744,-0.04018739,-0.104367815,-0.03704006,0.041464146,-0.64088356,0.21884213,-1.1278119,-1.1075442,-0.8780618,-1.0351793,-1.2097232,-1.3456961,-1.0041596,-0.6395212,-0.1678274,-0.47501418
-0.109628595,0.07863997,1.1118218,0.68074083,0.39032346,-0.34153557,-0.27977923,0.30588856,-0.27438885,-0.23949143,-0.07547609,-0.36753926,-0.8855572,-0.07793525,-0.18264075,0.4056875,-0.16402541,-0.70059365,0.30962276,0.104913555,-0.3766644,-0.44002315,-0.45370713,-0.33719718,-0.41521105,-0.79201293,0.26971093,-1.0001165
-0.68746835,-0.09222831,0.75530154,0.5883286,-1.1748793,0.687573,-0.22115868,-1.0907722,0.055559464,0.13455749,0.2455665,-0.029729702,-0.45982343,0.15513314,-0.20013992,-1.0478435,-0.8175941,0.7902703,-0.28132635,-0.90172416,-0.6265977,0.60690075,-0.7056774,-1.1637112,0.2802759,0.7011216,-0.20032448,0.24511819
-0.66468734,-0.1803625,-0.07501985,0.57850873,-0.2534109,-0.021686593,-0.056265887,-0.57152313,-1.062141,-0.14288929,-0.3957799,-0.44549102,0.09828621,0.3989907,-0.3365329,0.35126427,-0.19194691,-0.40998608,0.18539323,-0.66800594,0.46134388,-0.76037514,-1.2210294,0.5035192,-0.42235225,-0.8686498,-0.515882,0.98558897
-0.7510502,0.5171576,0.18661726,-0.06610126,0.29696748,-0.7027881,-1.698352,0.7010985,-0.06966965,-0.6185046,0.28404903,-0.54726166,0.032848295,0.15154351,-0.74748415,-0.41077328,-0.42860886,0.18884869,-0.24401033,0.39716798,-0.84263206,-0.47198194,0.14487644,0.47658116,-0.59386516,-0.6286386,0.6826521,0.34170607
-0.956562,0.4893423,-0.60226995,-0.6171282,0.43121633,-0.96458834,0.3502836,-0.30540037,-0.23755004,-0.20487648,-0.009095494,0.37315208,-0.6014754,0.18356283,-0.07099911,-1.0573659,-0.84229964,0.27652702,0.21192877,0.50553125,-0.87454265,0.29381418,0.55499107,-0.28149548,-1.1290411,-0.4917185,0.6212794,0.16120686
-0.89956653,0.98010445,-0.91645557,0.10103801,-0.7711286,0.14890137,0.34081653,-0.36357057,-0.2572204,0.7541556,-0.6198982,-0.5088593,0.517736,-0.5950236,-0.4272092,0.24365003,0.19516721,-0.59176636,0.04358943,-0.63978904,-0.027729813,0.107464194,0.24208052,-0.6131711,-0.7361265,-0.49303946,-0.15585522,0.021773463
-1.2935299,0.09831538,0.53994083,-1.6078663,0.13571675,0.044113662,-0.370275,0.31884095,-0.8163262,-0.64821786,0.176209,-0.052718062,-1.3691276,0.3534974,0.7431555,0.7716384,-0.4598119,-0.3160172,-0.15228286,-0.3840908,-1.1264639,0.026156338,0.26055944,-1.0435271,0.5782093,-0.74453765,0.76341355,0.3531173
-0.8735148,-0.1366075,-0.67824113,-0.045726426,0.1468363,0.17557962,-0.60085225,-0.40625623,0.79026437,-0.5762883,-0.11888844,0.27109236,0.038462907,-1.5264312,0.23725937,-0.6084194,-1.0968246,-0.5035931,0.85086256,-0.41907993,-0.2582598,-0.45422885,0.078711905,-0.45764336,-1.0060736,-0.8601894,-0.48571435,-0.2234533
-0.4521843,-0.5932611,-0.32151023,0.12752064,-0.009309126,0.74773,-0.74845994,-0.7921651,0.49699748,0.23431511,-1.0292088,-0.017152973,-0.1016503,0.46854165,-1.2537714,-0.1562489,-0.5266239,-0.854064,0.74931586,0.33114982,-1.4510916,-0.14880921,0.49557784,0.28028965,-0.4153121,-0.56613714,0.121570066,0.35984993
0.08362518,-0.67764914,-0.587287,0.41886356,-0.5355296,0.19588292,0.6119031,-1.0121633,0.22986853,0.93879145,-0.8917856,-1.1133351,0.6206533,-0.9201127,-0.43884784,0.090526,-0.27403256,-0.7753378,0.17963433,0.09354796,-0.5583698,0.080149405,0.027156133,-0.36848393,-0.2630965,-0.8809553,-1.0558907,0.24179745
-0.51435095,0.243112,-0.8048562,-0.2015693,0.26597872,-1.0670197,0.039545458,0.6214323,-0.051529627,0.08995605,1.1016223,-0.1327662,-1.5892206,0.59245354,0.2707625,-0.99448377,0.13907546,0.05381051,-0.7207063,-0.60207003,0.27137458,0.34758547,-0.2464533,-1.4793227,0.2592983,-0.76654315,-1.2638267,0.0136788385
0.28748316,-0.17426331,0.9013534,-0.8070446,-0.13368414,-0.5627767,-0.7377819,-0.13602805,0.2689329,-0.31678486,-0.14227758,0.29169512,-1.1777412,0.350407,-0.15279251,-1.0555615,-1.1028047,0.46481755,0.06952521,-1.1109422,-1.0916214,0.29210114,-0.23828635,-0.6151568,-0.5374657,-0.16110192,-0.7583532,0.12915249
-0.42995822,-0.039565213,-0.9639162,0.4330526,-0.9037744,-0.45841303,0.30353004,-0.41058156,-0.30095682,0.16718,-0.71641266,-0.9022247,0.847481,-1.0376374,-0.96475893,0.24188955,-0.8010533,-1.130415,0.1520757,0.0921448,-0.98584056,-0.07728304,0.2317048,-0.1829151,0.11101981,-0.18712085,-0.1309779,-0.5868081
-0.63989794,-0.14391485,0.31785575,-0.8407074,0.09509153,-0.11648964,-0.39951771,0.6290438,-0.7998009,-1.2337723,0.07561689,-0.49426928,-0.20683102,0.19542117,-0.28044075,0.6162294,0.38135132,-0.6694651,0.11509773,0.09103149,-1.2619462,-1.2796606,0.15959509,-0.80421555,-0.61953956,0.29416785,-0.29741108,-1.5382673
-0.7497265,-0.107641175,0.2151402,-1.0657176,-0.14931802,0.07004224,-0.04257158,0.27059802,-0.03220759,-0.93044615,-0.5146857,0.3655501,0.1784644,-0.12735504,-0.19495355,-0.20314346,0.25287735,0.39454794,-0.4308944,0.680491,-0.23396875,-0.6416054,-0.059634283,0.63114387,-0.6338759,0.12304823,0.42461702,-0.47896245
0.38777092,-0.94221485,-0.18783477,-0.13201721,0.47940907,0.09477677,-0.6422087,-0.23186894,0.10799728,-0.2325991,-0.35195205,-0.20741929,0.38871753,-0.7035014,-0.31563208,0.4381272,0.07760675,0.12809259,1.0008504,-1.9790393,0.17569141,0.07368079,-0.5491561,-0.5197434,0.66604,-0.11983422,-1.332497,0.21061333
0.39946622,-0.021515593,-0.72894454,-0.14859927,0.47815213,-0.65910614,0.7021976,-0.8971468,-0.52538586,0.5985006,-0.27624306,-0.05654357,-0.9759375,-0.029543756,-0.7749008,-0.23026302,0.10368041,0.6502683,-1.7806374,0.95990616,-0.21822484,-1.2764543,-0.010280654,-0.23507167,-0.8293668,0.15990244,-0.46487027,-0.9158177
0.683213,-0.07284581,-0.18515268,0.19103745,0.49221227,-1.1529554,-0.38920864,0.19497149,-1.5058434,-0.5251865,0.33845708,-1.3139098,0.7187967,-1.0546126,0.23396534,0.0033984291,-0.56570303,-0.7341109,-0.40100908,-1.6370497,0.2294359,-0.063123934,-0.08046875,-0.5376257,0.5442789,-0.6441689,-0.25465903,-0.35293067
-0.105687,-0.719171,-0.2879428,-0.43632063,0.08517378,0.11452441,-0.76595956,-0.98922807,0.23590538,-0.9019878,0.59434056,0.22991654,0.4874257,0.47309753,0.10286766,-0.1890763,0.4764207,-0.75996596,0.51399285,-0.17658113,-0.8563494,-1.3252889,-0.029075243,-0.20927466,-0.3098295,0.29892674,-0.61485934,-1.3783908
0.24392311,-0.73205024,0.2670139,-0.8234384,-1.1314846,-0.24946387,-0.6562777,-0.79180044,-0.6009644,-0.27022523,-0.47393534,0.19015351,-0.5758982,-1.1422932,-0.5589185,0.18493597,-0.074689426,-0.017934859,-0.8499975,0.07249636,-0.59534645,0.22445232,0.29881385,-0.82511723,0.11771169,-1.0748212,0.40323403,-1.0882536
0.84219646,-0.065293156,-0.49202156,0.2371361,-1.1280563,-0.6039528,-0.119501464,-0.42041856,-0.3024122,0.56206065,0.026699662,-0.9977393,0.19736448,-0.8291093,0.26969108,-0.7744965,0.16351046,-0.47608334,0.67995864,-0.57118744,-0.6661942,-0.89977515,-1.1063112,-0.23866484,-1.2760246,0.65264416,-0.35650676,-0.98098433
0.75609577,0.13240802,-0.35139275,0.12395664,-0.54584974,0.18780774,0.205734,-0.7349916,-0.5229061,0.51060635,-0.19470282,-0.85602343,0.45808226,-0.42400458,-0.21836041,0.3515886,-0.7182915,0.12345791,-0.2622519,-0.05266963,-0.42346585,-0.29740557,-0.0819869,-0.18561068,0.75536937,-0.15222521,0.15077327,-0.98861825
0.68671817,-0.17968972,-0.37149113,0.21907401,0.46747026,-0.44885442,0.038802553,-0.275003,-0.8008525,-0.1993984,-0.85309017,-0.4566768,-0.7957555,-1.501585,0.39381287,-0.85956985,-0.64627296,0.31709,-0.53364056,-0.5717022,-0.7158039,-0.84539884,-1.0762447,0.5462512,-0.78819877,-0.82963085,0.37674543,-1.1245857
0.10992423,0.1929159,0.3881061,-1.5501889,-0.24236108,-0.09696633,-0.0039650393,-0.30027616,-0.5832469,-0.3513256,-1.2085154,0.21435253,-0.79396343,0.4360134,-0.138295,0.732842,0.34380922,-0.50195754,0.62566566,-0.45885855,-0.09519433,-0.81300825,-0.05243388,-0.5356992,0.035516635,-0.62041295,0.43311504,-0.65853095
0.35065332,0.6798431,0.7255533,-0.5071905,-0.6431063,0.14190409,-0.4732903,-0.055877224,-0.038589872,-1.4239813,0.24122618,-0.8211956,0.76641935,0.06879136,-0.075846896,-1.5043262,0.27610227,-0.49498576,-1.1656308,0.98426604,-0.90665555,0.5612717,0.08314184,0.3672411,0.18982919,0.65947366,-0.17343774,-0.6624303
-0.5142676,-0.83790475,-0.22570354,-1.0164464,0.4975885,-0.8143581,-0.053475197,0.3700959,-0.92048824,-0.87602484,-0.723735,-0.14458485,-1.091567,-0.9591617,0.090987414,-1.3479934,-1.437495,0.56596315,0.8776772,-1.0042503,0.3849958,-1.2647667,0.81599087,-0.15804319,0.54348475,0.84034663,0.08475446,-0.27693206
-0.27013087,0.008825327,-0.6162637,-0.79888237,-1.0044221,-1.4392395,-0.9786554,-1.3440934,-0.84528565,-1.0299195,0.23207192,-0.21317598,-0.6258837,0.2463446,0.1556576,0.3736765,-0.22515419,-1.1003752,0.5325758,0.5939424,0.2592988,0.10953992,0.40242156,0.8403307,0.8427255,1.1041688,0.54314584,-0.77134264
